insert into Class (classId, _subject, _description, class_status, grade, teacherName, class_name, firstSession, finalSession) values (1, 'P', 'xEjlpMyfiNkOKoLHebUy ', 'AC', '6', 'Esmaria Kilshaw', 'Bubblebox', '8/2/2021', '8/14/2022');
insert into Class (classId, _subject, _description, class_status, grade, teacherName, class_name, firstSession, finalSession) values (2, 'A', ' ', 'NA', '6', 'Lorettalorna Growy', 'Gigazoom', '10/7/2021', '8/12/2022');
insert into Class (classId, _subject, _description, class_status, grade, teacherName, class_name, firstSession, finalSession) values (3, 'C', 'csvSOSVieHxyJCooUdLd ', 'AC', '1', 'Ephrayim Bayfield', 'Zoombox', '5/24/2022', '5/6/2023');
insert into Class (classId, _subject, _description, class_status, grade, teacherName, class_name, firstSession, finalSession) values (4, 'P', ' ', 'NA', '1', 'Harmon Pinckard', 'Yakidoo', '6/6/2022', '10/22/2022');
insert into Class (classId, _subject, _description, class_status, grade, teacherName, class_name, firstSession, finalSession) values (5, 'A', ' ', 'AC', '7', 'Gaylene Kegley', 'Mynte', '8/26/2021', '1/27/2023');
insert into Class (classId, _subject, _description, class_status, grade, teacherName, class_name, firstSession, finalSession) values (6, 'A', ' ', 'AC', '4', 'Aridatha Drought', 'Avamba', '1/28/2022', '10/1/2022');
insert into Class (classId, _subject, _description, class_status, grade, teacherName, class_name, firstSession, finalSession) values (7, 'M', ' ', 'NA', '7', 'Roseann Bunt', 'Linkbuzz', '12/28/2021', '9/2/2022');
insert into Class (classId, _subject, _description, class_status, grade, teacherName, class_name, firstSession, finalSession) values (8, 'P', ' ', 'NA', '4', 'Berti Pilcher', 'Kazu', '5/8/2022', '12/7/2022');
insert into Class (classId, _subject, _description, class_status, grade, teacherName, class_name, firstSession, finalSession) values (9, 'C', 'bRUdjVXsNKZearDJKgjg ', 'AR', '5', 'Othilia Sandbrook', 'Omba', '1/7/2022', '1/5/2023');
insert into Class (classId, _subject, _description, class_status, grade, teacherName, class_name, firstSession, finalSession) values (10, 'A', 'JfXmaMBzbEhFNhibvJqO ', 'AC', '7', 'Mia Schober', 'Dabtype', '11/10/2021', '9/25/2022');
insert into Class (classId, _subject, _description, class_status, grade, teacherName, class_name, firstSession, finalSession) values (11, 'A', 'FLRLSlmsfwAToWQgljaI ', 'AR', '1', 'Laurianne Asty', 'Gigaclub', '8/19/2021', '5/29/2023');
insert into Class (classId, _subject, _description, class_status, grade, teacherName, class_name, firstSession, finalSession) values (12, 'A', 'hyeakMaQbKqNeXzjsvpe ', 'AC', '2', 'Kalie Vakhonin', 'Browseblab', '6/16/2021', '12/17/2022');
insert into Class (classId, _subject, _description, class_status, grade, teacherName, class_name, firstSession, finalSession) values (13, 'C', 'ZdwuqILOBlphCDsQvrUn ', 'AC', '7', 'Claribel Manhood', 'Trilith', '8/10/2021', '5/25/2023');
insert into Class (classId, _subject, _description, class_status, grade, teacherName, class_name, firstSession, finalSession) values (14, 'B', 'CbSSZQCdWQWyfTpBpabO ', 'AC', '10', 'Ermengarde Emanuele', 'Realpoint', '11/10/2021', '5/21/2023');
insert into Class (classId, _subject, _description, class_status, grade, teacherName, class_name, firstSession, finalSession) values (15, 'A', ' ', 'AR', '6', 'Olag Shortland', 'Youtags', '10/13/2021', '5/15/2023');
insert into Class (classId, _subject, _description, class_status, grade, teacherName, class_name, firstSession, finalSession) values (16, 'A', ' ', 'NA', '11', 'Julietta Loade', 'Youspan', '4/20/2022', '3/2/2023');
insert into Class (classId, _subject, _description, class_status, grade, teacherName, class_name, firstSession, finalSession) values (17, 'B', ' ', 'AR', '10', 'Tris MacCallister', 'Meedoo', '1/2/2022', '2/13/2023');
insert into Class (classId, _subject, _description, class_status, grade, teacherName, class_name, firstSession, finalSession) values (18, 'A', ' ', 'AR', '2', 'Ricard Siviter', 'Realcube', '3/21/2022', '5/22/2023');
insert into Class (classId, _subject, _description, class_status, grade, teacherName, class_name, firstSession, finalSession) values (19, 'B', 'MbzahdUdUAAdgNoyHxDD ', 'NA', '3', 'Leo Ingrey', 'Skynoodle', '12/16/2021', '8/12/2022');
insert into Class (classId, _subject, _description, class_status, grade, teacherName, class_name, firstSession, finalSession) values (20, 'C', 'DrRQRItyPLYvvGHsQmjw ', 'NA', '9', 'Ivette Hilley', 'Realcube', '7/10/2021', '9/17/2022');
insert into Class (classId, _subject, _description, class_status, grade, teacherName, class_name, firstSession, finalSession) values (21, 'A', 'SEOlKWjsKkgwswYoqHVr ', 'AC', '9', 'Cathryn Pavolillo', 'BlogXS', '3/11/2022', '7/8/2022');
insert into Class (classId, _subject, _description, class_status, grade, teacherName, class_name, firstSession, finalSession) values (22, 'C', ' ', 'AC', '8', 'Aluin Martindale', 'Trudeo', '6/9/2021', '8/6/2022');
insert into Class (classId, _subject, _description, class_status, grade, teacherName, class_name, firstSession, finalSession) values (23, 'B', ' ', 'AC', '12', 'Fletcher Birdwistle', 'Katz', '3/1/2022', '8/19/2022');
insert into Class (classId, _subject, _description, class_status, grade, teacherName, class_name, firstSession, finalSession) values (24, 'A', ' ', 'AR', '12', 'Felicdad Hadwen', 'Lazz', '9/20/2021', '6/15/2022');
insert into Class (classId, _subject, _description, class_status, grade, teacherName, class_name, firstSession, finalSession) values (25, 'A', 'zlgAHxeEtQfswPTModZP ', 'NA', '6', 'Orson Hackney', 'Jaloo', '12/7/2021', '6/7/2023');
insert into Class (classId, _subject, _description, class_status, grade, teacherName, class_name, firstSession, finalSession) values (26, 'C', ' ', 'NA', '7', 'Corney Schneidar', 'Feedmix', '9/27/2021', '2/15/2023');
insert into Class (classId, _subject, _description, class_status, grade, teacherName, class_name, firstSession, finalSession) values (27, 'A', 'UZSrikfGLIRYsFIfpbDk ', 'AC', '11', 'Kurtis Graser', 'Jaxspan', '3/22/2022', '3/10/2023');
insert into Class (classId, _subject, _description, class_status, grade, teacherName, class_name, firstSession, finalSession) values (28, 'A', 'xJRYVmxXDujnckzgMHTM ', 'NA', '1', 'Kristy Strotone', 'Tagcat', '12/22/2021', '5/9/2023');
insert into Class (classId, _subject, _description, class_status, grade, teacherName, class_name, firstSession, finalSession) values (29, 'A', 'UVWuriuwreftJcdGjSDx ', 'AC', '9', 'Lewiss Athelstan', 'Blogtag', '11/10/2021', '7/4/2022');
insert into Class (classId, _subject, _description, class_status, grade, teacherName, class_name, firstSession, finalSession) values (30, 'A', ' ', 'AC', '3', 'Rudd Byrcher', 'Quimm', '9/13/2021', '9/14/2022');
insert into Class (classId, _subject, _description, class_status, grade, teacherName, class_name, firstSession, finalSession) values (31, 'A', ' ', 'AR', '4', 'Issiah Drews', 'Wikido', '6/13/2021', '10/30/2022');
insert into Class (classId, _subject, _description, class_status, grade, teacherName, class_name, firstSession, finalSession) values (32, 'A', ' ', 'AC', '2', 'Sumner Bussy', 'Linkbuzz', '1/6/2022', '12/3/2022');
insert into Class (classId, _subject, _description, class_status, grade, teacherName, class_name, firstSession, finalSession) values (33, 'C', 'vvBjnLnWvirpqrsmIZNY ', 'AC', '6', 'Suzy Wagstaff', 'Eayo', '1/23/2022', '1/4/2023');
insert into Class (classId, _subject, _description, class_status, grade, teacherName, class_name, firstSession, finalSession) values (34, 'P', ' ', 'NA', '5', 'Millicent Welchman', 'Buzzdog', '6/8/2022', '9/18/2022');
insert into Class (classId, _subject, _description, class_status, grade, teacherName, class_name, firstSession, finalSession) values (35, 'A', ' ', 'AR', '5', 'Thadeus Barter', 'Quimm', '11/7/2021', '10/28/2022');
insert into Class (classId, _subject, _description, class_status, grade, teacherName, class_name, firstSession, finalSession) values (36, 'A', 'cNyacdBFVAkZlGMQZLQg ', 'NA', '7', 'Johnath Pagram', 'Plambee', '8/22/2021', '6/7/2023');
insert into Class (classId, _subject, _description, class_status, grade, teacherName, class_name, firstSession, finalSession) values (37, 'P', ' ', 'AC', '6', 'Sara Blakeden', 'Rhybox', '3/10/2022', '1/6/2023');
insert into Class (classId, _subject, _description, class_status, grade, teacherName, class_name, firstSession, finalSession) values (38, 'C', ' ', 'NA', '3', 'Christos Benadette', 'Minyx', '2/23/2022', '7/26/2022');
insert into Class (classId, _subject, _description, class_status, grade, teacherName, class_name, firstSession, finalSession) values (39, 'B', ' ', 'AC', '7', 'Paxton Lorrie', 'Buzzshare', '10/7/2021', '11/16/2022');
insert into Class (classId, _subject, _description, class_status, grade, teacherName, class_name, firstSession, finalSession) values (40, 'C', 'QEmPRWBfpxhQJYbSGGck ', 'NA', '8', 'Alfons Meneo', 'Gabtype', '12/13/2021', '11/29/2022');
insert into Class (classId, _subject, _description, class_status, grade, teacherName, class_name, firstSession, finalSession) values (41, 'M', 'vUjuHvviQUJzQuwEshod ', 'AR', '7', 'Beale Harcarse', 'Fiveclub', '1/31/2022', '2/21/2023');
insert into Class (classId, _subject, _description, class_status, grade, teacherName, class_name, firstSession, finalSession) values (42, 'E', 'knpoSWEaKHktzvlbcFEC ', 'AC', '9', 'Wes Clementet', 'Quimba', '7/29/2021', '5/17/2023');
insert into Class (classId, _subject, _description, class_status, grade, teacherName, class_name, firstSession, finalSession) values (43, 'C', ' ', 'AR', '11', 'Sutherlan Florez', 'Leexo', '2/18/2022', '7/2/2022');
insert into Class (classId, _subject, _description, class_status, grade, teacherName, class_name, firstSession, finalSession) values (44, 'C', 'WlxPwObZpDnHRQkwXYPB ', 'NA', '9', 'Rabbi Alltimes', 'Podcat', '10/29/2021', '7/18/2022');
insert into Class (classId, _subject, _description, class_status, grade, teacherName, class_name, firstSession, finalSession) values (45, 'A', ' ', 'NA', '6', 'Banky Bondley', 'Tazzy', '10/4/2021', '5/6/2023');
insert into Class (classId, _subject, _description, class_status, grade, teacherName, class_name, firstSession, finalSession) values (46, 'A', ' ', 'NA', '7', 'Joane McDell', 'Digitube', '4/15/2022', '8/3/2022');
insert into Class (classId, _subject, _description, class_status, grade, teacherName, class_name, firstSession, finalSession) values (47, 'P', 'gFbdxBZMscOHkTiNFfig ', 'AR', '7', 'Reamonn Raiker', 'Thoughtworks', '3/18/2022', '1/24/2023');
insert into Class (classId, _subject, _description, class_status, grade, teacherName, class_name, firstSession, finalSession) values (48, 'C', ' ', 'AC', '6', 'Gaby Kildale', 'Yata', '2/13/2022', '11/11/2022');
insert into Class (classId, _subject, _description, class_status, grade, teacherName, class_name, firstSession, finalSession) values (49, 'B', ' ', 'NA', '12', 'Bill Lantoph', 'Gigabox', '3/24/2022', '5/14/2023');
insert into Class (classId, _subject, _description, class_status, grade, teacherName, class_name, firstSession, finalSession) values (50, 'A', 'AwdRERByQcSiBxGaHwow ', 'AR', '6', 'Scarlet Janu', 'Zava', '8/21/2021', '7/4/2022');

--INSERT STUDENT
insert into Student (stuId, username, _password, _name, _lastname, ssn, _address, phone_number, birthDate, classId) values (1, 'fmacdermid0', 'promised', 'Fleurette', 'MacDermid', 4755631738 , 'ZybdgQWXnKNtAPLBfHhpuomxMcVCSIRDzJFwaqrvseGTlUiYkOEj', '05064408', '9/5/2002', 9);
insert into Student (stuId, username, _password, _name, _lastname, ssn, _address, phone_number, birthDate, classId) values (2, 'bivens1', 'ladylike', 'Betsy', 'Ivens', '7676708759', 'UtBrmAjhLeMuJlTZQwyzIdvgcXYDoNESpHPsOVkGRnCbFfaxiWKq', '70419234', '4/17/2001', 3);
insert into Student (stuId, username, _password, _name, _lastname, ssn, _address, phone_number, birthDate, classId) values (3, 'grameau2', 'hankered', 'Gunar', 'Rameau', '2712944675', 'RJsKOnvLmFDBqCMeuYwApGZfydPgQSrhEczHaVTXWoiItkNbjxUl', '06849385', '5/2/2002', 2);
insert into Student (stuId, username, _password, _name, _lastname, ssn, _address, phone_number, birthDate, classId) values (4, 'alandon3', 'diagrams', 'Averill', 'Landon', '4298429747', 'nBocCfUWLNpZumawQxKVivlFzSOXGAtkEJRhjdgIyTbYrqHesDMP', '72240935', '12/13/2005', 2);
insert into Student (stuId, username, _password, _name, _lastname, ssn, _address, phone_number, birthDate, classId) values (5, 'adoleman4', 'leaflets', 'Ashton', 'Doleman', '2796023504', 'YKWJvIpzFkhRjxSUTMGADtQqLENnmbasiyOoBcdCulewgrVfXPZH', '63807370', '12/21/2000', 4);
insert into Student (stuId, username, _password, _name, _lastname, ssn, _address, phone_number, birthDate, classId) values (6, 'jabley5', 'gamblers', 'Jabez', 'Abley', '2466522791', 'HSQiLeGhczCTlmJKsnUrAWIXVFxPtwjyuYZqBDaOopbRNMvdgEkf', '08850421', '2/28/2005', 7);
insert into Student (stuId, username, _password, _name, _lastname, ssn, _address, phone_number, birthDate, classId) values (7, 'satheis6', 'bruskest', 'Sawyer', 'Atheis', '2820329531', 'uRIxFkAQaUpDOntEPJlwWysgqGMzciBVoXrehSbLjdCYfKZHmNvT', '26820810', '1/13/2003', 4);
insert into Student (stuId, username, _password, _name, _lastname, ssn, _address, phone_number, birthDate, classId) values (8, 'etwaite7', 'incisors', 'Elisabet', 'Twaite', '6148386999', 'RwUNdOtEPmoGcpHYeLQFySkzZWMsrDbufIVBCjKJlAqXvhngixaT', '46065459', '3/11/2004', 7);
insert into Student (stuId, username, _password, _name, _lastname, ssn, _address, phone_number, birthDate, classId) values (9, 'bstanes8', 'thirties', 'Barr', 'Stanes', '6272579570', 'LNlKBJSFguzevmQxPiUAGRTOXajVIfstkdCMhYWZbrHDcqpownyE', '89347373', '12/17/2003', 4);
insert into Student (stuId, username, _password, _name, _lastname, ssn, _address, phone_number, birthDate, classId) values (10, 'jwhitlam9', 'murmured', 'Jobye', 'Whitlam', '6312341888', 'yzhxWDwNCJBtdrspRMLOVugUHQXkFaYjZeSfmPIETAcioqKvlnGb', '89413677', '11/5/2003', 5);
insert into Student (stuId, username, _password, _name, _lastname, ssn, _address, phone_number, birthDate, classId) values (11, 'atildesleya', 'outcasts', 'Antoinette', 'Tildesley', '8374280783', 'qmlSJahiYnGLXjZAMQbcHgPVpyorKWOwdtvzsfeNxBRCUIEFDkTu', '99148220', '3/5/2006', 9);
insert into Student (stuId, username, _password, _name, _lastname, ssn, _address, phone_number, birthDate, classId) values (12, 'wrowlattb', 'defensed', 'Webb', 'Rowlatt', '4082638058', 'AaqCRJXrTVoDZSkIybEYLdQgvWnGfNePHjOmMsUBhxwzipuFKtcl', '92245290', '10/9/2002', 1);
insert into Student (stuId, username, _password, _name, _lastname, ssn, _address, phone_number, birthDate, classId) values (13, 'lbarec', 'buffer''s', 'Lamond', 'Bare', '6403700756', 'tRLAyuYThKBeMqQdDUmIlgvjXiNrnoPzVwFpWfEcsHbaZGxOJSCk', '04989259', '1/5/2002', 11);
insert into Student (stuId, username, _password, _name, _lastname, ssn, _address, phone_number, birthDate, classId) values (14, 'spetracchid', 'armpit''s', 'Simeon', 'Petracchi', '3908145310', 'lhJOAFCHVTGcqSIEBoZzkaxNtwKMvDsbipWRgdPnUXQfejrYLmyu', '91668149', '5/31/2005', 3);
insert into Student (stuId, username, _password, _name, _lastname, ssn, _address, phone_number, birthDate, classId) values (15, 'ecrushame', 'grooving', 'Evangelia', 'Crusham', '7796131209', 'QdTSOjtBpncwZvJHCrPVeiIUNAylWGRXghLamYqusbkEMKxFDfoz', '03603244', '5/12/2004', 10);
insert into Student (stuId, username, _password, _name, _lastname, ssn, _address, phone_number, birthDate, classId) values (16, 'atrevonf', 'baggiest', 'Althea', 'Trevon', '6059580912', 'sgZQFmaxpdtBKVDbyIHGSvYzJCMrikPTRANnheLlUWjEuXqfcwoO', '50772306', '4/21/2005', 11);
insert into Student (stuId, username, _password, _name, _lastname, ssn, _address, phone_number, birthDate, classId) values (17, 'dreicherzg', 'reducing', 'Donavon', 'Reicherz', '1762720812', 'hRTWtnQNGSCrOAcUXymizYeBPpajbxlLuFgEJqkHvoMsfKIdwZVD', '81260143', '3/10/2003', 12);
insert into Student (stuId, username, _password, _name, _lastname, ssn, _address, phone_number, birthDate, classId) values (18, 'ssteereh', 'hijacked', 'Shoshana', 'Steere', '2889373008', 'SaHCRIdkrwKXMAvoGBqljJTUZLYNfzysWDtepnVhPOEcmQgFxibu', '35326248', '9/4/2005', 7);
insert into Student (stuId, username, _password, _name, _lastname, ssn, _address, phone_number, birthDate, classId) values (19, 'dmattocksi', 'barriers', 'Deane', 'Mattocks', '8807235238', 'kKxlHANgqWTsBiUcrvwLeEQpXzZndCDyPmtVufhFjGoROaJIMYbS', '31602891', '2/13/2005', 7);
insert into Student (stuId, username, _password, _name, _lastname, ssn, _address, phone_number, birthDate, classId) values (20, 'anapolionej', 'armoring', 'Alison', 'Napolione', '7452315149', 'ICHBQuOPxybSAjZWDkmpYaToGcXUsnredlvfKJwizRgNqMthFVLE', '83075707', '8/5/2002', 6);
insert into Student (stuId, username, _password, _name, _lastname, ssn, _address, phone_number, birthDate, classId) values (21, 'obirkbeckk', 'uproar''s', 'Ogdon', 'Birkbeck', '4460228210', 'jSwRbJXmQxqnWkztIhipvZYAeuLadDfcyEOKrTsgGVUPNlCoFBHM', '68044620', '11/25/2001', 9);
insert into Student (stuId, username, _password, _name, _lastname, ssn, _address, phone_number, birthDate, classId) values (22, 'tcrowestl', 'pulsates', 'Tristam', 'Crowest', '6580994562', 'MrZseYVcUxukIAnoOFGwgyWSCRmHJfhaiqLpvtTEPBbdDlzKQjXN', '85340675', '10/11/2004', 9);
insert into Student (stuId, username, _password, _name, _lastname, ssn, _address, phone_number, birthDate, classId) values (23, 'aceccolim', 'armories', 'Adey', 'Ceccoli', '8144358274', 'EvwYFBJbXStfUpCdLHxaNhDTnjGuIrPsWgkMmqRKVliOAoQyczeZ', '51098828', '7/30/2005', 1);
insert into Student (stuId, username, _password, _name, _lastname, ssn, _address, phone_number, birthDate, classId) values (24, 'rsuthernsn', 'larynges', 'Rowan', 'Sutherns', '2166275034', 'vTdKtoPnYwGgaOCUiseIurWDcyBQhzRAfxjbLZJFNEmMpqVXkSlH', '89304853', '10/9/2001', 2);
insert into Student (stuId, username, _password, _name, _lastname, ssn, _address, phone_number, birthDate, classId) values (25, 'esebleyo', 'torrents', 'Ernaline', 'Sebley', '6631500845', 'NmkGjSpJWIvbaUVKfLohZBAigFTzwQCqERDxnrseldXYcuMOtyHP', '65646291', '7/17/2003', 6);
insert into Student (stuId, username, _password, _name, _lastname, ssn, _address, phone_number, birthDate, classId) values (26, 'hspauntonp', 'virgin''s', 'Hamish', 'Spaunton', '5522231330', 'esNYrUCvTKJoipAXhQMnPxuwGdtgljObVEmIHZSRqyfDczWBFLka', '69735414', '3/15/2004', 10);
insert into Student (stuId, username, _password, _name, _lastname, ssn, _address, phone_number, birthDate, classId) values (27, 'nperroniq', 'stalking', 'Nicolle', 'Perroni', '8609331874', 'NMzSTxsREXHpQtZCvJIqmkLBjhKPoFUgiYADyOblGfnwaduecrWV', '05909754', '1/1/2006', 4);
insert into Student (stuId, username, _password, _name, _lastname, ssn, _address, phone_number, birthDate, classId) values (28, 'cclaxtonr', 'origin''s', 'Carce', 'Claxton', '8383968286', 'RuvdwTIijhskxZElNnrfeqHYGUFyLKQJocAztmBbpPWVaXDOCSMg', '51933310', '10/20/2005', 6);
insert into Student (stuId, username, _password, _name, _lastname, ssn, _address, phone_number, birthDate, classId) values (29, 'rwhitwoods', 'carriage', 'Roberta', 'Whitwood', '2376463498', 'hAigYSeqMZNHdjoyGRkPJOxFWbCTatQscvKfXmEunBpzLVwIDrlU', '50588252', '1/15/2001', 3);
insert into Student (stuId, username, _password, _name, _lastname, ssn, _address, phone_number, birthDate, classId) values (30, 'drimourt', 'tantrums', 'Donavon', 'Rimour', '9409873632', 'fwYPMEipACDdoQlctsTNSJqnKzUIGhWbyvxXeBVjugRZHaLrkOFm', '90533210', '4/13/2005', 10);
insert into Student (stuId, username, _password, _name, _lastname, ssn, _address, phone_number, birthDate, classId) values (31, 'hhaylesu', 'deprives', 'Heath', 'Hayles', '6014653809', 'AWLwgzNcBQlTaVXnGthiKFYouyCREqpSbMUOIdxkJsHPvmrZfeDj', '82531356', '3/13/2005', 11);
insert into Student (stuId, username, _password, _name, _lastname, ssn, _address, phone_number, birthDate, classId) values (32, 'ebanaszewskiv', 'goofiest', 'Ennis', 'Banaszewski', '4744505167', 'uHLYVOagcwSybzRsFPkdZeTtoIUfxpBlrAnEmiMNQjKqDvJhCWGX', '49391326', '6/11/2001', 10);
insert into Student (stuId, username, _password, _name, _lastname, ssn, _address, phone_number, birthDate, classId) values (33, 'sgarriganw', 'barren''s', 'Solomon', 'Garrigan', '5074983687', 'UPzJnMmgFeISdVkYfwxLcAWtpRhQsauNqbylDZKOEiBCHXjGorTv', '73021888', '1/31/2001', 10);
insert into Student (stuId, username, _password, _name, _lastname, ssn, _address, phone_number, birthDate, classId) values (34, 'mcelesx', 'disposal', 'Maridel', 'Celes', '2735985651', 'UQoaOYPVTqzsjHyAFkKrlBvLXumSDINnZRcCwgdGMJpbehWtxiEf', '79587200', '12/22/2002', 1);
insert into Student (stuId, username, _password, _name, _lastname, ssn, _address, phone_number, birthDate, classId) values (35, 'gdibby', 'steeples', 'Gifford', 'Dibb', '1749314693', 'dzVjaiBlKJsRwUGcIrbgkhMQHqCSNDEmvfOPtLWpyFxTueXZAnoY', '94545598', '10/24/2002', 10);
insert into Student (stuId, username, _password, _name, _lastname, ssn, _address, phone_number, birthDate, classId) values (36, 'rlathyz', 'headlong', 'Rickie', 'Lathy', '4232463782', 'ibHzRmEjaUfOwlhstnNqJrFCWgTBLdVyKIQADePxpMSokGZYvcXu', '74004045', '8/2/2002', 8);
insert into Student (stuId, username, _password, _name, _lastname, ssn, _address, phone_number, birthDate, classId) values (37, 'akesper10', 'sizeable', 'Arvie', 'Kesper', '8167513695', 'vywHndFTGBcOXPZmaMSLIpzfCxtqWgErQRbsYoluNheDiVKUkAjJ', '85254412', '1/29/2002', 8);
insert into Student (stuId, username, _password, _name, _lastname, ssn, _address, phone_number, birthDate, classId) values (38, 'sarnhold11', 'inviting', 'Solomon', 'Arnhold', '8906765613', 'MjptTcOauJyRxVdFfrBPUHGmWshYXivNklzoDnCgKQbwqeEIAZSL', '07277846', '9/7/2005', 3);
insert into Student (stuId, username, _password, _name, _lastname, ssn, _address, phone_number, birthDate, classId) values (39, 'bkrolle12', 'yoghurts', 'Bentlee', 'Krolle', '3703578687', 'oeGwyVDxqsuZjIJQlCPcnTifgKRXObYzkELhtBUaNWSMpdmFvAHr', '99302041', '4/8/2001', 10);
insert into Student (stuId, username, _password, _name, _lastname, ssn, _address, phone_number, birthDate, classId) values (40, 'jdomange13', 'endive''s', 'Josi', 'Domange', '9966771855', 'jVDNReGmJSPnkhTZgKyXoEcirAqClYxWBFaLbdQvpMUOswHIufzt', '59421382', '7/6/2005', 10);
insert into Student (stuId, username, _password, _name, _lastname, ssn, _address, phone_number, birthDate, classId) values (41, 'jsimper14', 'objected', 'Joyann', 'Simper', '5265630859', 'RSJmXzNhdpoCbTOMqQwkcrYBjxWUvPGLlIeyuFnHZatVsAKEgDif', '35205654', '7/7/2004', 9);
insert into Student (stuId, username, _password, _name, _lastname, ssn, _address, phone_number, birthDate, classId) values (42, 'sfontes15', 'upbeat''s', 'Stillmann', 'Fontes', '8039329333', 'VBrynODNpLYJxXCfSbhUGQswFqaTjovtzHKMlumEkeAWPgIRZdic', '96242722', '9/30/2000', 9);
insert into Student (stuId, username, _password, _name, _lastname, ssn, _address, phone_number, birthDate, classId) values (43, 'nroddie16', 'pumpkins', 'Nadia', 'Roddie', '4202554665', 'TqIVwvYnOSWlrgyXfcjhaDdQMBCJtLpFRikAGENPezHoZUuxmsKb', '25117662', '3/13/2006', 6);
insert into Student (stuId, username, _password, _name, _lastname, ssn, _address, phone_number, birthDate, classId) values (44, 'erands17', 'sniffles', 'Elnore', 'Rands', '0997522097', 'OCUkYfghwZGXNFctsmJiyAbvpnLreWSlBDMIVxzqQaoKdTPuEjHR', '25503470', '5/19/2005', 9);
insert into Student (stuId, username, _password, _name, _lastname, ssn, _address, phone_number, birthDate, classId) values (45, 'dprinn18', 'commando', 'Dulce', 'Prinn', '9400200999', 'wTVUAMQcoiHOhGlxsFBqPkNdzSbyKumCItWYXEJRpnjefargDZLv', '44459414', '3/28/2005', 7);
insert into Student (stuId, username, _password, _name, _lastname, ssn, _address, phone_number, birthDate, classId) values (46, 'jborer19', 'toddlers', 'Jordanna', 'Borer', '3249224524', 'jEvgeZoOabARnwPTXVhxizpkBHulyYQcsMmGqtJLFrDKWSCIUdNf', '80872351', '12/24/2003', 3);
insert into Student (stuId, username, _password, _name, _lastname, ssn, _address, phone_number, birthDate, classId) values (47, 'sdarque1a', 'bypassed', 'Sarina', 'Darque', '7868640964', 'MgzckVCUoJeWEapuPytTZbLSKGAsirxqwNXnDBIQmvFlYjfHdOhR', '66444644', '4/23/2002', 7);
insert into Student (stuId, username, _password, _name, _lastname, ssn, _address, phone_number, birthDate, classId) values (48, 'cweagener1b', 'safeties', 'Charisse', 'Weagener', '4828918437', 'GOPBpyACqhcugEzXJUjmVTMdxltInKwWafekDSiHorvRYLZbQNsF', '15239530', '12/4/2003', 6);
insert into Student (stuId, username, _password, _name, _lastname, ssn, _address, phone_number, birthDate, classId) values (49, 'hgoodding1c', 'modelled', 'Hoyt', 'Goodding', '5224333394', 'LrdwOWhzqAZTsKmDvbIipYgkaoEGBlPSCXcQjfJneVuxNtMRHyFU', '13977662', '9/6/2005', 9);
insert into Student (stuId, username, _password, _name, _lastname, ssn, _address, phone_number, birthDate, classId) values (50, 'dreck1d', 'conveyed', 'Duffie', 'Reck', '9820973378', 'PZUiacQEDyBfXqxuHsSbhdnjRtOmweAgJvGlYTMrKpLoICzkWNVF', '45925421', '6/16/2003', 10);
insert into Student (stuId, username, _password, _name, _lastname, ssn, _address, phone_number, birthDate, classId) values (51, 'vheeley1e', 'refuse''s', 'Vanny', 'Heeley', '6708707556', 'jtpgnzSwEPZiAbHmlUYfhXDBCvIxyadkVKTJMWcLqRrsQNOuGoeF', '93146554', '5/25/2002', 9);
insert into Student (stuId, username, _password, _name, _lastname, ssn, _address, phone_number, birthDate, classId) values (52, 'ederby1f', 'cackle''s', 'Ervin', 'Derby', '7137942876', 'gYFtbweEdLnKHAPVaUXvymcjDfIWrpsxTiCNoGZqMlzQkSBOuhRJ', '64177283', '12/27/2003', 3);
insert into Student (stuId, username, _password, _name, _lastname, ssn, _address, phone_number, birthDate, classId) values (53, 'swharlton1g', 'banana''s', 'Sayers', 'Wharlton', '4766741412', 'cUGRxWKPfqamFBvwYbTLrtdIJuZpenloHhEMXSQikjDNVOysgACz', '47809299', '1/22/2006', 6);
insert into Student (stuId, username, _password, _name, _lastname, ssn, _address, phone_number, birthDate, classId) values (54, 'hgoodliffe1h', 'bandiest', 'Henrik', 'Goodliffe', '8547161300', 'LiDKdoFTwtqRkYlEOpZAuSMbyVWGmcsjxPHgnvXJzferIQahUBNC', '61763047', '12/4/2002', 10);
insert into Student (stuId, username, _password, _name, _lastname, ssn, _address, phone_number, birthDate, classId) values (55, 'vpoynzer1i', 'keyholes', 'Veradis', 'Poynzer', '5246755934', 'YzGQdSwCeptfvWFhbJkHxuqcIiRZByTKPVDjaEmgXrMnsUoALlON', '73527361', '11/8/2003', 10);
insert into Student (stuId, username, _password, _name, _lastname, ssn, _address, phone_number, birthDate, classId) values (56, 'lkeyzor1j', 'questing', 'Lissy', 'Keyzor', '9948007975', 'FrKkBtbgaXcqhlnIuPGzUpZYWxiAOsMQSjmEDwVeJCfdLNvTyoRH', '16031337', '11/21/2000', 6);
insert into Student (stuId, username, _password, _name, _lastname, ssn, _address, phone_number, birthDate, classId) values (57, 'spurveys1k', 'stigma''s', 'Sheilakathryn', 'Purveys', '0930404161', 'TcJwmGSbqtPsUWOYhupANVdZlRKajgFeBrvkxQEXoiCMHIyLDznf', '15373101', '12/6/2005', 5);
insert into Student (stuId, username, _password, _name, _lastname, ssn, _address, phone_number, birthDate, classId) values (58, 'sgeerits1l', 'encircle', 'Seka', 'Geerits', '7570555290', 'VLMOWuQCqTjAkSHfrcyiXoptvIFxazDRslGdwmZhBJEYnPNbgUKe', '04468196', '11/7/2004', 11);
insert into Student (stuId, username, _password, _name, _lastname, ssn, _address, phone_number, birthDate, classId) values (59, 'jpaolini1m', 'internes', 'Jessie', 'Paolini', '9305364865', 'CHVEhISZzXPRQWsfMJvBqoTgiOwtbanANlruKyUdxLeDkYcjFGmp', '54577831', '8/29/2001', 8);
insert into Student (stuId, username, _password, _name, _lastname, ssn, _address, phone_number, birthDate, classId) values (60, 'cnovik1n', 'ditching', 'Christabel', 'Novik', '3634182778', 'odLlYazskgSDfiQNMnGhtqBvjZuXTmAKWVrcFJxpPEUwIReObCHy', '72974733', '3/14/2001', 12);
insert into Student (stuId, username, _password, _name, _lastname, ssn, _address, phone_number, birthDate, classId) values (61, 'klamas1o', 'racquets', 'Keith', 'Lamas', '1601223961', 'FqiClgZePQnMsaSrORBIuojYvdkLbVzDxfTUmKWEXhNwyGpHtAcJ', '19495716', '4/12/2001', 7);
insert into Student (stuId, username, _password, _name, _lastname, ssn, _address, phone_number, birthDate, classId) values (62, 'mretchless1p', 'succor''s', 'Maurine', 'Retchless', '0057007835', 'dDMUQstzfAYSPWmpkBCuZbNcOiTVJjEhlvXwHFoenKqaLrgIxyGR', '52138520', '7/11/2000', 1);
insert into Student (stuId, username, _password, _name, _lastname, ssn, _address, phone_number, birthDate, classId) values (63, 'areinbeck1q', 'perceive', 'Alie', 'Reinbeck', '2636013057', 'CsbyVNkYSaZwHpfgdReLWqmKMUvXJlBcETDhrFzGIQOnjoAPtiux', '24603981', '5/23/2002', 4);
insert into Student (stuId, username, _password, _name, _lastname, ssn, _address, phone_number, birthDate, classId) values (64, 'mbertot1r', 'discrete', 'Monroe', 'Bertot', '1848339002', 'HiQqrBefVpjYLsUFSwcXGhOJzgAxZvmoERTkbIutMWdylNDKPaCn', '51747636', '5/15/2003', 6);
insert into Student (stuId, username, _password, _name, _lastname, ssn, _address, phone_number, birthDate, classId) values (65, 'elockless1s', 'creditor', 'Evangelina', 'Lockless', '2341953253', 'qacKvGErhzORlMntsjCxWkPSTQFdUobIDmNiJHepVYwyALZXugBf', '28445278', '1/29/2006', 12);
insert into Student (stuId, username, _password, _name, _lastname, ssn, _address, phone_number, birthDate, classId) values (66, 'ebovingdon1t', 'gazettes', 'Elfrida', 'Bovingdon', '3607866413', 'PIACKUsbrmScEanxzjDofeRYkvHJuNwBpyOtXlFqdMGTVhQWiZLg', '39451609', '1/1/2002', 1);
insert into Student (stuId, username, _password, _name, _lastname, ssn, _address, phone_number, birthDate, classId) values (67, 'tmellonby1u', 'extolled', 'Trina', 'Mellonby', '8310152345', 'dSZDkwBEbWUPuiNGlcAhvCtKyIpeXxRjLsqrYTmOzMFogQVfHnaJ', '24128731', '9/10/2004', 6);
insert into Student (stuId, username, _password, _name, _lastname, ssn, _address, phone_number, birthDate, classId) values (68, 'madamov1v', 'discords', 'Maris', 'Adamov', '9976018664', 'HpBdtliuNfLRwUnqTKIXWZEoreFczmVYsjhvPayDOAQJCMbSgkGx', '99153305', '10/19/2003', 8);
insert into Student (stuId, username, _password, _name, _lastname, ssn, _address, phone_number, birthDate, classId) values (69, 'bmattis1w', 'balances', 'Blakeley', 'Mattis', '9416891175', 'XhFEaCtHAgZkTDjsrLeViRvIuylJqBzPOGnKdWQbwNmxUfMYScpo', '23613322', '1/8/2002', 10);
insert into Student (stuId, username, _password, _name, _lastname, ssn, _address, phone_number, birthDate, classId) values (70, 'atschierasche1x', 'ignoring', 'Anastassia', 'Tschierasche', '9816322811', 'NKJVbTmpPeaghUqHxfAuOstvZFMlkBILWRcGQizySXjdDoCwErnY', '38373317', '6/6/2005', 6);
insert into Student (stuId, username, _password, _name, _lastname, ssn, _address, phone_number, birthDate, classId) values (71, 'akurdani1y', 'boarding', 'Ami', 'Kurdani', '8706737349', 'GLtUnysOYWkpPFZzEDoxwSgafQThbmjlvqBduHeIJCMViRrNcXAK', '31579651', '10/2/2003', 7);
insert into Student (stuId, username, _password, _name, _lastname, ssn, _address, phone_number, birthDate, classId) values (72, 'bradley1z', 'falsetto', 'Bette-ann', 'Radley', '7331809575', 'dpRbzUKTYAFVxwkoOPMXuHEGqvDcgemJIlSjysnhrZiNCBQfLtaW', '22282648', '2/18/2003', 10);
insert into Student (stuId, username, _password, _name, _lastname, ssn, _address, phone_number, birthDate, classId) values (73, 'cwanne20', 'casing''s', 'Clementia', 'Wanne', '5339334623', 'cUuRZzFOLgIEPxYVBfvpmbMGJjhkiKWrdyQHnDXNTwqsoAaletSC', '11315860', '3/27/2001', 11);
insert into Student (stuId, username, _password, _name, _lastname, ssn, _address, phone_number, birthDate, classId) values (74, 'ftwidell21', 'sideways', 'Flossy', 'Twidell', '6333516468', 'OwPJGDpvjyXaFAnUZfkgTESmQlLCdorWRzVYqBIMiteuhcsNbxHK', '81181300', '1/16/2004', 10);
insert into Student (stuId, username, _password, _name, _lastname, ssn, _address, phone_number, birthDate, classId) values (75, 'tghelardoni22', 'shabbily', 'Theadora', 'Ghelardoni', '3626505845', 'TrUcjXzoYfZhBgixuElybHqIFWLVSQCsdkwMOaPJpNmRAGKeDtvn', '53471137', '10/13/2000', 5);
insert into Student (stuId, username, _password, _name, _lastname, ssn, _address, phone_number, birthDate, classId) values (76, 'smea23', 'inhabits', 'Sebastian', 'Mea', '2955258473', 'qXcuZNLUdxpEjzbWwYORasfhnmTteMByDFAgViKQoJkSlICHvrGP', '23989535', '4/4/2004', 6);
insert into Student (stuId, username, _password, _name, _lastname, ssn, _address, phone_number, birthDate, classId) values (77, 'dborrill24', 'bearer''s', 'Derick', 'Borrill', '6262694674', 'cgTptWfYVFelODnCqPidzQbvKBaysAGhJUEMRrSkIoLuZjNxmwHX', '96927258', '11/22/2003', 12);
insert into Student (stuId, username, _password, _name, _lastname, ssn, _address, phone_number, birthDate, classId) values (78, 'lkomorowski25', 'cheerier', 'Loretta', 'Komorowski', '5746899662', 'qCIjKduFOeVABThwiGNpcUSsJRxZWoLyfMrmgEkvXYtaQznlDbHP', '54281884', '4/9/2003', 12);
insert into Student (stuId, username, _password, _name, _lastname, ssn, _address, phone_number, birthDate, classId) values (79, 'bboken26', 'deputy''s', 'Bob', 'Boken', '1924769045', 'fAhSdjrxnQcDMYwORWIeNHyvkgbzGKtFPCaqVipsBTXZmlUEJuLo', '90764184', '10/13/2004', 5);
insert into Student (stuId, username, _password, _name, _lastname, ssn, _address, phone_number, birthDate, classId) values (80, 'akrzysztofiak27', 'splicing', 'Amos', 'Krzysztofiak', '5408765430', 'VofPEAOLCTNJvDWaQymbZBrzipSnFkqhYRgjsMdKGucwxHtleXIU', '57766669', '11/25/2002', 4);
insert into Student (stuId, username, _password, _name, _lastname, ssn, _address, phone_number, birthDate, classId) values (81, 'hroubottom28', 'bridge''s', 'Homer', 'Roubottom', '7151658529', 'YqxApfdelbHtPoKhsJarNDiEvWZjBuzRGSOymFXCgQLIMTwkUcVn', '61949157', '6/29/2004', 11);
insert into Student (stuId, username, _password, _name, _lastname, ssn, _address, phone_number, birthDate, classId) values (82, 'ahailwood29', 'misfit''s', 'Alie', 'Hailwood', '1398986071', 'fBtNdAjnlGXYIHDSwsVqrybTohQMgFiPvJUOpCWRkmKzxaLuZceE', '31038633', '5/28/2004', 4);
insert into Student (stuId, username, _password, _name, _lastname, ssn, _address, phone_number, birthDate, classId) values (83, 'bgoodwins2a', 'twitch''s', 'Basilius', 'Goodwins', '0785159812', 'xvSDWpOnoijbJUmgaMLPctReuNQskZCVrzfyTAKYhHFEIwdGlXBq', '30746681', '5/25/2006', 12);
insert into Student (stuId, username, _password, _name, _lastname, ssn, _address, phone_number, birthDate, classId) values (84, 'gguyer2b', 'magnet''s', 'Georgy', 'Guyer', '2660268025', 'qIEBlToYbUnjtGRFaDsyXmhQcNkzwxpZCKdOALSWHirJVfvePguM', '44697705', '12/18/2005', 7);
insert into Student (stuId, username, _password, _name, _lastname, ssn, _address, phone_number, birthDate, classId) values (85, 'crosenzveig2c', 'spooling', 'Cissiee', 'Rosenzveig', '1747532734', 'ORyXMCSBpIkDNPAhlsEqVKjYvGrbJwQiLHtaUfceZnomFdWuxTgz', '98997278', '4/1/2002', 11);
insert into Student (stuId, username, _password, _name, _lastname, ssn, _address, phone_number, birthDate, classId) values (86, 'kseelbach2d', 'handsome', 'Karla', 'Seelbach', '5459598154', 'LytmhVRMuBdXknaSrzcJlviWgsjeKGoIDpCFEbfqHNOAZTUxYPQw', '70076189', '12/8/2000', 12);
insert into Student (stuId, username, _password, _name, _lastname, ssn, _address, phone_number, birthDate, classId) values (87, 'rwyche2e', 'poetical', 'Rani', 'Wyche', '4541203147', 'oYeiFgTLNhdUpxmalDHKwuVbXWSrJstMkBERAPncQOGfyCqzjIZv', '49848065', '9/29/2001', 3);
insert into Student (stuId, username, _password, _name, _lastname, ssn, _address, phone_number, birthDate, classId) values (88, 'memerson2f', 'matadors', 'Meade', 'Emerson', '9506766596', 'qtkQZSjOruhnlNPTWbFdVazxvRAyCfpHUGgKDJMiBIXocEwLYmes', '13149443', '7/18/2003', 2);
insert into Student (stuId, username, _password, _name, _lastname, ssn, _address, phone_number, birthDate, classId) values (89, 'cfarge2g', 'whisky''s', 'Collie', 'Farge', '8851051848', 'oeVnPxIKOlNigBLqkXbRHpzjYMEsmruyfaCZTGcvhAtdQWUJwDFS', '78552675', '12/24/2000', 4);
insert into Student (stuId, username, _password, _name, _lastname, ssn, _address, phone_number, birthDate, classId) values (90, 'rlecount2h', 'deflated', 'Rustie', 'Lecount', '2464476350', 'NbgoWZYFBKHLtRiQmJqlUexdEvSCsXfOPDyGVphAkranIMujwczT', '50377013', '4/10/2005', 8);
insert into Student (stuId, username, _password, _name, _lastname, ssn, _address, phone_number, birthDate, classId) values (91, 'lhorsell2i', 'trainees', 'Lelah', 'Horsell', '2345121424', 'tRwidMFkfOGghILecWluXVxDEpYKAnPvyaHJjoUQCbmBZqzSNTsr', '30135195', '7/20/2001', 3);
insert into Student (stuId, username, _password, _name, _lastname, ssn, _address, phone_number, birthDate, classId) values (92, 'gmordanti2j', 'expiring', 'Georas', 'Mordanti', '8796950865', 'kOSwEvJXoNmYaATlqDpyCUIRfrFiMgGdjbseVcztuBxHnWKLPZQh', '38579215', '10/26/2003', 5);
insert into Student (stuId, username, _password, _name, _lastname, ssn, _address, phone_number, birthDate, classId) values (93, 'tathowe2k', 'starches', 'Torie', 'Athowe', '5503556412', 'RyfImAGiBhHLPWXMJusctzbanegVwNxkZSpToOFUCDYjEvldrKqQ', '22894534', '1/22/2001', 1);
insert into Student (stuId, username, _password, _name, _lastname, ssn, _address, phone_number, birthDate, classId) values (94, 'klestrange2l', 'trickles', 'Korrie', 'Le Strange', '8328581889', 'mCUuYBcHohVELTAKqfpFWkJOtwganNbdXQIyZxRDPelSrMjsvziG', '87667724', '9/12/2004', 9);
insert into Student (stuId, username, _password, _name, _lastname, ssn, _address, phone_number, birthDate, classId) values (95, 'chulls2m', 'excise''s', 'Chandal', 'Hulls', '4327497244', 'ypmEzHdnoMWvKTqfDQPcINFYabZgLStsVkJOlRirwUeuhCxGBAjX', '31955517', '9/1/2004', 4);
insert into Student (stuId, username, _password, _name, _lastname, ssn, _address, phone_number, birthDate, classId) values (96, 'tputland2n', 'canyon''s', 'Theo', 'Putland', '7068626503', 'vKeFTljPwyqXkoZGgNAQbtYiDRHSmhnrxMdcVLzWJuICpUBsafOE', '89982878', '7/15/2002', 4);
insert into Student (stuId, username, _password, _name, _lastname, ssn, _address, phone_number, birthDate, classId) values (97, 'dgresser2o', 'emigrate', 'Dalli', 'Gresser', '7444717541', 'eBmKSwLoZHlfdrkpyEGQqhxJIiVOAPMYncDgFuzbtCvUWRXaTNjs', '80892806', '11/19/2002', 8);
insert into Student (stuId, username, _password, _name, _lastname, ssn, _address, phone_number, birthDate, classId) values (98, 'billing2p', 'slouches', 'Bruis', 'Illing', '3712377759', 'roiZVTMAUIpdkLOWzqXstJbaeBwlnCHmYjgGRxPuEfycKFSvNhDQ', '75551289', '1/25/2004', 6);
insert into Student (stuId, username, _password, _name, _lastname, ssn, _address, phone_number, birthDate, classId) values (99, 'wcase2q', 'hoarsest', 'Welch', 'Case', '8065315117', 'NZbOlFXCwYdRnkPTaqiQSVIGxomtLfsyzrhepHgvDuEAKWjcMUJB', '23773672', '8/9/2000', 9);
insert into Student (stuId, username, _password, _name, _lastname, ssn, _address, phone_number, birthDate, classId) values (100, 'ahaskey2r', 'wheezing', 'Aldridge', 'Haskey', '2358261074', 'enrlNzOuBMLjDURXJpaPCIyKTdskEWcSVAQhGqxbHtwYigomFvZf', '90399874', '4/15/2002', 5);
insert into Student (stuId, username, _password, _name, _lastname, ssn, _address, phone_number, birthDate, classId) values (101, 'cwheway2s', 'giraffes', 'Chaunce', 'Wheway', '1047842706', 'kUBGvarCJeSLxObNVzigsPwuoXYmDhjTyEMWFQlAZHcfRKIpqntd', '89473789', '7/7/2002', 4);
insert into Student (stuId, username, _password, _name, _lastname, ssn, _address, phone_number, birthDate, classId) values (102, 'tpanton2t', 'electric', 'Thom', 'Panton', '7538027979', 'ucxXAjFstbTCWdqRlrUJyzPSfnYgvGIiZQwNOEHmDMeKVhLpBako', '69796386', '4/26/2006', 8);
insert into Student (stuId, username, _password, _name, _lastname, ssn, _address, phone_number, birthDate, classId) values (103, 'ofeldharker2u', 'ideology', 'Orazio', 'Feldharker', '9431807774', 'epzoFWbKjfHVudlqUhiIcwRrNtmDXGvLnkSsOQZyCMPxAgEaBYTJ', '89447597', '1/13/2002', 9);
insert into Student (stuId, username, _password, _name, _lastname, ssn, _address, phone_number, birthDate, classId) values (104, 'kzaniolini2v', 'cankered', 'Khalil', 'Zaniolini', '7433267608', 'BZTjqQtMPzRsfwOxFLciCEndXabgHuolYNKAmUhSpkDGevJrWyVI', '33810609', '12/3/2000', 7);
insert into Student (stuId, username, _password, _name, _lastname, ssn, _address, phone_number, birthDate, classId) values (105, 'ecelier2w', 'conifers', 'Early', 'Celier', '9987849119', 'lKULpZkAyoDmIPrdznjhQcVFXYRgqTHbEOJBaSiGNCfxvuwseWMt', '00808409', '5/6/2002', 3);
insert into Student (stuId, username, _password, _name, _lastname, ssn, _address, phone_number, birthDate, classId) values (106, 'goxbe2x', 'rescuers', 'Gilberta', 'Oxbe', '8145344060', 'iYdkAhDpnPEZOvHRTNWoIscxLqSFGyzVrBjJUClueatKfQbMXmwg', '55430960', '9/12/2000', 1);
insert into Student (stuId, username, _password, _name, _lastname, ssn, _address, phone_number, birthDate, classId) values (107, 'nklewi2y', 'ploughed', 'Nanon', 'Klewi', '3512629731', 'sCTMNIdqHQyEbngxvkOzRaSwLuAfDeZKcWmphiGFYBoPUVtlJrjX', '25601818', '1/31/2002', 6);
insert into Student (stuId, username, _password, _name, _lastname, ssn, _address, phone_number, birthDate, classId) values (108, 'nohederscoll2z', 'unnerves', 'Ninnetta', 'O''Hederscoll', '8702999759', 'RTQkFVxZLXYDGhcAsbvWiKzPnlgduSwjMBJOIyCaqtEemrUpHNfo', '07691596', '12/14/2003', 4);
insert into Student (stuId, username, _password, _name, _lastname, ssn, _address, phone_number, birthDate, classId) values (109, 'jplascott30', 'refill''s', 'Juliet', 'Plascott', '1463754198', 'FCEIunjPAsDJiaBlSHYoLqWgxbXZdfrwOeMmTRvzpKyGUQVkNhtc', '68624870', '5/27/2003', 2);
insert into Student (stuId, username, _password, _name, _lastname, ssn, _address, phone_number, birthDate, classId) values (110, 'mginley31', 'armpit''s', 'Mickey', 'Ginley', '5677232037', 'nzUkRvOZrmtKxGhbBqPsaJSTFgWoNAdEwiIeYCMuDyfXlHcLjQVp', '04857938', '4/24/2006', 12);
insert into Student (stuId, username, _password, _name, _lastname, ssn, _address, phone_number, birthDate, classId) values (111, 'swaldock32', 'impostor', 'Shea', 'Waldock', '8260859819', 'RLaxCHTlPDznwVBbEQvZdIojsuASimXOyJkMNhpqWYteGFUKrcgf', '49191648', '7/25/2003', 11);
insert into Student (stuId, username, _password, _name, _lastname, ssn, _address, phone_number, birthDate, classId) values (112, 'poswald33', 'nozzle''s', 'Packston', 'Oswald', '1365549728', 'HBSILuWgMbvaNGoQwpsAhJPjTCeciKtXqVYERDZOFdfnyxkUrzml', '64327124', '7/27/2005', 1);
insert into Student (stuId, username, _password, _name, _lastname, ssn, _address, phone_number, birthDate, classId) values (113, 'bbettam34', 'purplest', 'Bessy', 'Bettam', '1918318198', 'ovraCZBMVSUAjtnFhONTYdGueJPmRKxWgXkiQlqfHDpsEwcIbyzL', '73342613', '12/12/2003', 11);
insert into Student (stuId, username, _password, _name, _lastname, ssn, _address, phone_number, birthDate, classId) values (114, 'sdecastelain35', 'perverse', 'Selina', 'de Castelain', '1638497167', 'fEIDilLOJpUHyXrGQTStKZYukobsaVMWhFgznCqxjPNvAmBdcRwe', '36306208', '3/6/2002', 7);
insert into Student (stuId, username, _password, _name, _lastname, ssn, _address, phone_number, birthDate, classId) values (115, 'lbrabbins36', 'dithered', 'Lawton', 'Brabbins', '7042328449', 'IPCNRQyGpbhZBruHzwmUDnYSiTXxkjtOvgdAcEMaslKoFWJqfeVL', '75457734', '3/21/2001', 9);
insert into Student (stuId, username, _password, _name, _lastname, ssn, _address, phone_number, birthDate, classId) values (116, 'jbreissan37', 'lawyer''s', 'Jedidiah', 'Breissan', '3768398548', 'vcswtzaSreWQqJGiEnkpZlTRAhCObBdIXjLUfHNMugyDmVYPKoFx', '90998793', '10/14/2003', 4);
insert into Student (stuId, username, _password, _name, _lastname, ssn, _address, phone_number, birthDate, classId) values (117, 'edawley38', 'ambience', 'Esma', 'Dawley', '3753606288', 'jEiXNTtHmUkCqBZLAhVSnxDeYzJIwavdcsGrWPFlOKRuofQgypbM', '72242261', '11/10/2004', 10);
insert into Student (stuId, username, _password, _name, _lastname, ssn, _address, phone_number, birthDate, classId) values (118, 'blaetham39', 'stanched', 'Blakeley', 'Laetham', '0230002160', 'RUHedGtCIilMVgshbJToEAXqNzLawyYjKOWFxBuvSDpmckQPnrZf', '10544364', '6/22/2005', 4);
insert into Student (stuId, username, _password, _name, _lastname, ssn, _address, phone_number, birthDate, classId) values (119, 'dgoulstone3a', 'legend''s', 'Dion', 'Goulstone', '7679500345', 'AgJPjEeUxdLCZaHQzhFKvqDkplXGYBTNsbyroVOIictnSWuwMmfR', '18240416', '2/11/2003', 7);
insert into Student (stuId, username, _password, _name, _lastname, ssn, _address, phone_number, birthDate, classId) values (120, 'iharome3b', 'cindered', 'Ignacius', 'Harome', '7884961919', 'cLKAIwmXiBWbHdarhPVokOUjFysCYRESnqZxeDzglNJtMvGpTfuQ', '19216261', '8/21/2004', 4);
insert into Student (stuId, username, _password, _name, _lastname, ssn, _address, phone_number, birthDate, classId) values (121, 'pquartley3c', 'emigrate', 'Pearce', 'Quartley', '1866709566', 'MARZeuFwjHVistkgvSXfrzlnUKBWNPhCcQOqyIExGamYJoLDdpTb', '12608230', '8/11/2000', 6);
insert into Student (stuId, username, _password, _name, _lastname, ssn, _address, phone_number, birthDate, classId) values (122, 'mhackforth3d', 'fullness', 'Maurie', 'Hackforth', '2735604805', 'TiOrnvPKGAhpfksguwVFNeJzCmbMLdctUDaxlYyWQoXBqHZRjSIE', '07540327', '8/19/2004', 2);
insert into Student (stuId, username, _password, _name, _lastname, ssn, _address, phone_number, birthDate, classId) values (123, 'cfowls3e', 'scanting', 'Cchaddie', 'Fowls', '5609674115', 'JdNtCumAwSiBvbcXkORIZKjPoLQUxTsVEzYgDMGqlrypeHFnfhWa', '46256280', '1/19/2003', 5);
insert into Student (stuId, username, _password, _name, _lastname, ssn, _address, phone_number, birthDate, classId) values (124, 'rgiblin3f', 'avoiding', 'Rikki', 'Giblin', '8713350446', 'tSxkPvDVXNfKFRnpljgoiICQmJueLHbwsATqrZUdcEOYhyBGzWMa', '28926102', '6/18/2003', 2);
insert into Student (stuId, username, _password, _name, _lastname, ssn, _address, phone_number, birthDate, classId) values (125, 'origardeau3g', 'doorstep', 'Odille', 'Rigardeau', '9700274328', 'LobmqExPBAytzdkNjIXUCiugMVZlpnQHfvsDOWecaFSGTrhJYwKR', '79272872', '2/11/2006', 3);
insert into Student (stuId, username, _password, _name, _lastname, ssn, _address, phone_number, birthDate, classId) values (126, 'dskipperbottom3h', 'groggier', 'Doroteya', 'Skipperbottom', '2223614600', 'zLPgjORyeFwupBmaCAisSDZEovnxcXhlKHrfWIMtVQUTqYGJkdbN', '86459063', '5/28/2006', 7);
insert into Student (stuId, username, _password, _name, _lastname, ssn, _address, phone_number, birthDate, classId) values (127, 'ckochel3i', 'zillions', 'Candice', 'Kochel', '6366374532', 'lbRnVOEZDpNTrHFWhQdyiGCKXYIjLvJfAaUzkomxseStquBwcMgP', '09821174', '4/12/2001', 5);
insert into Student (stuId, username, _password, _name, _lastname, ssn, _address, phone_number, birthDate, classId) values (128, 'vkiely3j', 'trombone', 'Violetta', 'Kiely', '2456030372', 'lUWvcYDdyCjZmKLfkSHAnIpBXeiMsbGOaQxPtETrRzVJNFogquwh', '48759242', '9/25/2002', 10);
insert into Student (stuId, username, _password, _name, _lastname, ssn, _address, phone_number, birthDate, classId) values (129, 'dwenger3k', 'forswore', 'Dietrich', 'Wenger', '2347347898', 'iCMbjWlvxBrskXYEcdOZymSIFnpAgRquTwzVtLPahUNHQoKGDeJf', '21660185', '1/26/2004', 11);
insert into Student (stuId, username, _password, _name, _lastname, ssn, _address, phone_number, birthDate, classId) values (130, 'ewalkowski3l', 'advert''s', 'Eli', 'Walkowski', '5233519529', 'QBJgfiznDUIybkZeMWdsrmxqXFPjYAEOlpLoaGVNtSRTwuHChcvK', '87013378', '1/28/2004', 11);
insert into Student (stuId, username, _password, _name, _lastname, ssn, _address, phone_number, birthDate, classId) values (131, 'glasslett3m', 'soothing', 'Gaye', 'Lasslett', '0120617764', 'JzIuPxSKwEtpWLCDfUhXNmVHcFOqinrklaRgTdQGBMYjsZbyAvoe', '23945915', '4/16/2004', 4);
insert into Student (stuId, username, _password, _name, _lastname, ssn, _address, phone_number, birthDate, classId) values (132, 'bmarlen3n', 'rectum''s', 'Betteann', 'Marlen', '2334350807', 'VzKBGePpHbaiUTXRrNkADyOnmhQuWwSsftLovxYMdZJgCEqjIcFl', '68287805', '8/28/2000', 3);
insert into Student (stuId, username, _password, _name, _lastname, ssn, _address, phone_number, birthDate, classId) values (133, 'lferronel3o', 'uncovers', 'Lemmie', 'Ferronel', '7579471228', 'cvFHyNLreUhXbxVgKSdCnpGWTJAmuzROwBMEaPZlkfDqQoYijIst', '18162397', '7/26/2001', 6);
insert into Student (stuId, username, _password, _name, _lastname, ssn, _address, phone_number, birthDate, classId) values (134, 'pkerwin3p', 'overcame', 'Perry', 'Kerwin', '6687154034', 'FkgdwLMbTWlOUyNYpeAzvHtCaDIoSinhmXGZRcqPjsQKJufxBrVE', '27932610', '2/21/2001', 8);
insert into Student (stuId, username, _password, _name, _lastname, ssn, _address, phone_number, birthDate, classId) values (135, 'bredler3q', 'godsends', 'Brander', 'Redler', '9520856897', 'rMQspzRVajnBPfLIcqUXiCTZYOEFGAlgmtJyvNKSwWxHbekhouDd', '82488324', '10/10/2004', 4);
insert into Student (stuId, username, _password, _name, _lastname, ssn, _address, phone_number, birthDate, classId) values (136, 'bwormald3r', 'midway''s', 'Brucie', 'Wormald', '3705470702', 'jzZHgpmxfdSGOPsvBVaXqbwFChTiYeUAMRrInlQLtKDuNWkEyoJc', '88328305', '8/16/2003', 5);
insert into Student (stuId, username, _password, _name, _lastname, ssn, _address, phone_number, birthDate, classId) values (137, 'ereignard3s', 'sociable', 'Elihu', 'Reignard', '0193725652', 'kugMXPdizwTjoODLrRfaVpbAYlneKWBIHCFGqNJUQtvSsEcZxmyh', '55649123', '3/19/2002', 4);
insert into Student (stuId, username, _password, _name, _lastname, ssn, _address, phone_number, birthDate, classId) values (138, 'ckloser3t', 'stealing', 'Cthrine', 'Kloser', '7688822652', 'CRabMKjVqkAnBXszcvGpQdmHrDTlUSLfgoZweJuWyOFxPNtYEIih', '01478661', '2/5/2002', 1);
insert into Student (stuId, username, _password, _name, _lastname, ssn, _address, phone_number, birthDate, classId) values (139, 'mjose3u', 'chippers', 'Mala', 'Jose', '5348579996', 'nCRawWlvgeHDtLZrMUfcPuNXVKxkAGszqmhBjFIObiSTQoYpEJyd', '41274897', '1/6/2003', 2);
insert into Student (stuId, username, _password, _name, _lastname, ssn, _address, phone_number, birthDate, classId) values (140, 'bkoppe3v', 'tunnel''s', 'Bronnie', 'Koppe', '1129215614', 'UzrxZjtJcOhvVbYlMPwARDTHkBmFGigeXapqsyIEQWuCnoSfdKNL', '30030291', '10/1/2001', 7);
insert into Student (stuId, username, _password, _name, _lastname, ssn, _address, phone_number, birthDate, classId) values (141, 'akeetley3w', 'dominate', 'Andromache', 'Keetley', '5419102522', 'izpAeOlUnsXkdouqHCYxfJgbLvMamjSBZErKWcyQhtVFNwGRIPTD', '40287153', '3/26/2003', 2);
insert into Student (stuId, username, _password, _name, _lastname, ssn, _address, phone_number, birthDate, classId) values (142, 'aschoffel3x', 'deported', 'Adria', 'Schoffel', '0948061998', 'MIWfhtvRZPybFJkaHoEcXSGugDmLepsKzAnxjTdwiVBlQqCYUrON', '56827186', '1/23/2002', 11);
insert into Student (stuId, username, _password, _name, _lastname, ssn, _address, phone_number, birthDate, classId) values (143, 'cbellanger3y', 'quizzing', 'Cull', 'Bellanger', '5115218192', 'kBXtYCbVcvMzpyoLrUhHOGTFJsDnNIfPWdexjqiEaumRgAwQlZSK', '08480946', '7/29/2004', 11);
insert into Student (stuId, username, _password, _name, _lastname, ssn, _address, phone_number, birthDate, classId) values (144, 'amclaverty3z', 'judicial', 'Amby', 'McLaverty', '9735711435', 'EYIahVtjbDiNTQzHROcnGuZvrJpLBsMXKAFxqSCgmekdlPfyWoUw', '81899045', '6/19/2002', 11);
insert into Student (stuId, username, _password, _name, _lastname, ssn, _address, phone_number, birthDate, classId) values (145, 'statam40', 'messiest', 'Salvatore', 'Tatam', '4490486787', 'JgyAvNlcfTWehHMSkGFuZIwEipYKjVrOnbXRzLUCDxoBamdsqQtP', '88265169', '4/2/2004', 11);
insert into Student (stuId, username, _password, _name, _lastname, ssn, _address, phone_number, birthDate, classId) values (146, 'nwalcher41', 'cannon''s', 'Ned', 'Walcher', '6423557686', 'uAFTseNVdnWlyjJmzabtqfZxDgEQrLBoXCkIhPcYipOMRGHSvUKw', '16556877', '8/22/2001', 6);
insert into Student (stuId, username, _password, _name, _lastname, ssn, _address, phone_number, birthDate, classId) values (147, 'prubin42', 'initials', 'Pascale', 'Rubin', '6020850559', 'YsHLlJTitzABEnpNWxPwRDKGueIVoOZbdMryfkSgjhmCcFXUQqva', '02065539', '7/14/2002', 2);
insert into Student (stuId, username, _password, _name, _lastname, ssn, _address, phone_number, birthDate, classId) values (148, 'kberrycloth43', 'newborns', 'Keefer', 'Berrycloth', '2214450652', 'BvgWnibzMAREOsDHINTuyUVPkjrZpdSfmJoKQLXGqlcwYaFxhtCe', '68240476', '12/13/2000', 10);
insert into Student (stuId, username, _password, _name, _lastname, ssn, _address, phone_number, birthDate, classId) values (149, 'lbaise44', 'trembled', 'Linea', 'Baise', '5618404260', 'PeipYGEQymWVRjIuKZOgLSkDAwdHsorfTbacNvnFhzxtJBCXMlqU', '89413674', '3/28/2002', 12);
insert into Student (stuId, username, _password, _name, _lastname, ssn, _address, phone_number, birthDate, classId) values (150, 'cburrus45', 'appeased', 'Cher', 'Burrus', '1627647764', 'tGsBzfcWZmyrJNARqigTDdVlXoxPweIESjYaOQFhMnvuUpkCbLKH', '10824377', '3/28/2005', 5);

--INSERT WeeklySchedule
insert into WeeklySchedule (weekId, classId) values (1, 1);
insert into WeeklySchedule (weekId, classId) values (2, 2);
insert into WeeklySchedule (weekId, classId) values (3, 3);
insert into WeeklySchedule (weekId, classId) values (4, 4);
insert into WeeklySchedule (weekId, classId) values (5, 5);
insert into WeeklySchedule (weekId, classId) values (6, 6);
insert into WeeklySchedule (weekId, classId) values (7, 7);
insert into WeeklySchedule (weekId, classId) values (8, 8);
insert into WeeklySchedule (weekId, classId) values (9, 9);
insert into WeeklySchedule (weekId, classId) values (10, 10);
insert into WeeklySchedule (weekId, classId) values (11, 11);
insert into WeeklySchedule (weekId, classId) values (12, 12);
insert into WeeklySchedule (weekId, classId) values (13, 13);
insert into WeeklySchedule (weekId, classId) values (14, 14);
insert into WeeklySchedule (weekId, classId) values (15, 15);
insert into WeeklySchedule (weekId, classId) values (16, 16);
insert into WeeklySchedule (weekId, classId) values (17, 17);
insert into WeeklySchedule (weekId, classId) values (18, 18);
insert into WeeklySchedule (weekId, classId) values (19, 19);
insert into WeeklySchedule (weekId, classId) values (20, 20);
insert into WeeklySchedule (weekId, classId) values (21, 21);
insert into WeeklySchedule (weekId, classId) values (22, 22);
insert into WeeklySchedule (weekId, classId) values (23, 23);
insert into WeeklySchedule (weekId, classId) values (24, 24);
insert into WeeklySchedule (weekId, classId) values (25, 25);
insert into WeeklySchedule (weekId, classId) values (26, 26);
insert into WeeklySchedule (weekId, classId) values (27, 27);
insert into WeeklySchedule (weekId, classId) values (28, 28);
insert into WeeklySchedule (weekId, classId) values (29, 29);
insert into WeeklySchedule (weekId, classId) values (30, 30);
insert into WeeklySchedule (weekId, classId) values (31, 31);
insert into WeeklySchedule (weekId, classId) values (32, 32);
insert into WeeklySchedule (weekId, classId) values (33, 33);
insert into WeeklySchedule (weekId, classId) values (34, 34);
insert into WeeklySchedule (weekId, classId) values (35, 35);
insert into WeeklySchedule (weekId, classId) values (36, 36);
insert into WeeklySchedule (weekId, classId) values (37, 37);
insert into WeeklySchedule (weekId, classId) values (38, 38);
insert into WeeklySchedule (weekId, classId) values (39, 39);
insert into WeeklySchedule (weekId, classId) values (40, 40);
insert into WeeklySchedule (weekId, classId) values (41, 41);
insert into WeeklySchedule (weekId, classId) values (42, 42);
insert into WeeklySchedule (weekId, classId) values (43, 43);
insert into WeeklySchedule (weekId, classId) values (44, 44);
insert into WeeklySchedule (weekId, classId) values (45, 45);
insert into WeeklySchedule (weekId, classId) values (46, 46);
insert into WeeklySchedule (weekId, classId) values (47, 47);
insert into WeeklySchedule (weekId, classId) values (48, 48);
insert into WeeklySchedule (weekId, classId) values (49, 49);
insert into WeeklySchedule (weekId, classId) values (50, 50);

--INSERT DayOfClass

insert into DayOfClass (weekId, classStart, classFinish, classDay) values (1, '16:24:42', '18:24:42', 'TUE');
insert into DayOfClass (weekId, classStart, classFinish, classDay) values (2, '8:28:33', '10:28:33', 'TUE');
insert into DayOfClass (weekId, classStart, classFinish, classDay) values (3, '13:05:05', '15:05:05', 'MON');
insert into DayOfClass (weekId, classStart, classFinish, classDay) values (4, '14:16:52', '16:16:52', 'WED');
insert into DayOfClass (weekId, classStart, classFinish, classDay) values (5, '8:58:30', '10:58:30', 'SAT');
insert into DayOfClass (weekId, classStart, classFinish, classDay) values (6, '12:54:03', '14:54:03', 'MON');
insert into DayOfClass (weekId, classStart, classFinish, classDay) values (7, '12:07:04', '14:07:04', 'WED');
insert into DayOfClass (weekId, classStart, classFinish, classDay) values (8, '12:49:20', '14:49:20', 'TUE');
insert into DayOfClass (weekId, classStart, classFinish, classDay) values (9, '11:55:38', '13:55:38', 'SAT');
insert into DayOfClass (weekId, classStart, classFinish, classDay) values (10, '8:37:03', '10:37:03', 'WED');
insert into DayOfClass (weekId, classStart, classFinish, classDay) values (11, '11:28:22', '13:28:22', 'WED');
insert into DayOfClass (weekId, classStart, classFinish, classDay) values (12, '13:52:19', '15:52:19', 'WED');
insert into DayOfClass (weekId, classStart, classFinish, classDay) values (13, '13:37:04', '15:37:04', 'TUE');
insert into DayOfClass (weekId, classStart, classFinish, classDay) values (14, '14:57:57', '16:57:57', 'MON');
insert into DayOfClass (weekId, classStart, classFinish, classDay) values (15, '7:30:11', '09:30:11', 'WED');
insert into DayOfClass (weekId, classStart, classFinish, classDay) values (16, '13:10:48', '15:10:48', 'WED');
insert into DayOfClass (weekId, classStart, classFinish, classDay) values (17, '13:35:40', '15:35:40', 'WED');
insert into DayOfClass (weekId, classStart, classFinish, classDay) values (18, '11:29:05', '13:29:05', 'WED');
insert into DayOfClass (weekId, classStart, classFinish, classDay) values (19, '16:13:59', '18:13:59', 'TUE');
insert into DayOfClass (weekId, classStart, classFinish, classDay) values (20, '15:25:44', '17:25:44', 'WED');
insert into DayOfClass (weekId, classStart, classFinish, classDay) values (21, '13:03:41', '15:03:41', 'MON');
insert into DayOfClass (weekId, classStart, classFinish, classDay) values (22, '13:05:08', '15:05:08', 'WED');
insert into DayOfClass (weekId, classStart, classFinish, classDay) values (23, '9:37:35', '11:37:35', 'WED');
insert into DayOfClass (weekId, classStart, classFinish, classDay) values (24, '8:25:26', '10:25:26', 'TUE');
insert into DayOfClass (weekId, classStart, classFinish, classDay) values (25, '15:30:04', '17:30:04', 'TUE');
insert into DayOfClass (weekId, classStart, classFinish, classDay) values (26, '10:13:04', '12:13:04', 'WED');
insert into DayOfClass (weekId, classStart, classFinish, classDay) values (27, '14:29:39', '16:29:39', 'SUN');
insert into DayOfClass (weekId, classStart, classFinish, classDay) values (28, '10:33:12', '12:33:12', 'WED');
insert into DayOfClass (weekId, classStart, classFinish, classDay) values (29, '9:07:03', '11:07:03', 'WED');
insert into DayOfClass (weekId, classStart, classFinish, classDay) values (30, '8:40:32', '10:40:32', 'WED');
insert into DayOfClass (weekId, classStart, classFinish, classDay) values (31, '9:44:02', '11:44:02', 'MON');
insert into DayOfClass (weekId, classStart, classFinish, classDay) values (32, '12:57:48', '14:57:48', 'TUE');
insert into DayOfClass (weekId, classStart, classFinish, classDay) values (33, '15:13:18', '17:13:18', 'SAT');
insert into DayOfClass (weekId, classStart, classFinish, classDay) values (34, '16:22:24', '18:22:24', 'WED');
insert into DayOfClass (weekId, classStart, classFinish, classDay) values (35, '10:23:53', '12:23:53', 'MON');
insert into DayOfClass (weekId, classStart, classFinish, classDay) values (36, '14:23:45', '16:23:45', 'SUN');
insert into DayOfClass (weekId, classStart, classFinish, classDay) values (37, '9:55:31', '11:55:31', 'WED');
insert into DayOfClass (weekId, classStart, classFinish, classDay) values (38, '14:21:28', '16:21:28', 'WED');
insert into DayOfClass (weekId, classStart, classFinish, classDay) values (39, '11:39:51', '13:39:51', 'TUE');
insert into DayOfClass (weekId, classStart, classFinish, classDay) values (40, '15:00:06', '17:00:06', 'MON');
insert into DayOfClass (weekId, classStart, classFinish, classDay) values (41, '7:44:35', '09:44:35', 'WED');
insert into DayOfClass (weekId, classStart, classFinish, classDay) values (42, '12:55:42', '14:55:42', 'MON');
insert into DayOfClass (weekId, classStart, classFinish, classDay) values (43, '13:04:57', '15:04:57', 'WED');
insert into DayOfClass (weekId, classStart, classFinish, classDay) values (44, '11:43:14', '13:43:14', 'SUN');
insert into DayOfClass (weekId, classStart, classFinish, classDay) values (45, '14:06:00', '16:06:00', 'TUE');
insert into DayOfClass (weekId, classStart, classFinish, classDay) values (46, '12:05:06', '14:05:06', 'WED');
insert into DayOfClass (weekId, classStart, classFinish, classDay) values (47, '14:58:15', '16:58:15', 'TUE');
insert into DayOfClass (weekId, classStart, classFinish, classDay) values (48, '9:26:12', '11:26:12', 'WED');
insert into DayOfClass (weekId, classStart, classFinish, classDay) values (49, '9:40:07', '11:40:07', 'WED');
insert into DayOfClass (weekId, classStart, classFinish, classDay) values (50, '13:05:06', '15:05:06', 'SAT');
insert into DayOfClass (weekId, classStart, classFinish, classDay) values (1, '11:24:41', '13:24:41', 'TUE');
insert into DayOfClass (weekId, classStart, classFinish, classDay) values (2, '13:30:00', '15:30:00', 'WED');
insert into DayOfClass (weekId, classStart, classFinish, classDay) values (3, '10:45:05', '12:45:05', 'SAT');
insert into DayOfClass (weekId, classStart, classFinish, classDay) values (4, '8:28:02', '10:28:02', 'WED');
insert into DayOfClass (weekId, classStart, classFinish, classDay) values (5, '11:26:13', '13:26:13', 'TUE');
insert into DayOfClass (weekId, classStart, classFinish, classDay) values (6, '10:53:15', '12:53:15', 'WED');
insert into DayOfClass (weekId, classStart, classFinish, classDay) values (7, '10:06:19', '12:06:19', 'WED');
insert into DayOfClass (weekId, classStart, classFinish, classDay) values (8, '15:59:35', '17:59:35', 'MON');
insert into DayOfClass (weekId, classStart, classFinish, classDay) values (9, '11:37:05', '13:37:05', 'SAT');
insert into DayOfClass (weekId, classStart, classFinish, classDay) values (10, '13:05:08', '15:05:08', 'TUE');
insert into DayOfClass (weekId, classStart, classFinish, classDay) values (11, '11:37:06', '13:37:06', 'WED');
insert into DayOfClass (weekId, classStart, classFinish, classDay) values (12, '9:11:30', '11:11:30', 'SUN');
insert into DayOfClass (weekId, classStart, classFinish, classDay) values (13, '15:44:48', '17:44:48', 'WED');
insert into DayOfClass (weekId, classStart, classFinish, classDay) values (14, '14:44:43', '16:44:43', 'TUE');
insert into DayOfClass (weekId, classStart, classFinish, classDay) values (15, '13:08:13', '15:08:13', 'WED');
insert into DayOfClass (weekId, classStart, classFinish, classDay) values (16, '11:45:55', '13:45:55', 'TUE');
insert into DayOfClass (weekId, classStart, classFinish, classDay) values (17, '13:54:23', '15:54:23', 'MON');
insert into DayOfClass (weekId, classStart, classFinish, classDay) values (18, '12:20:00', '14:20:00', 'WED');
insert into DayOfClass (weekId, classStart, classFinish, classDay) values (19, '12:50:12', '14:50:12', 'MON');
insert into DayOfClass (weekId, classStart, classFinish, classDay) values (20, '8:33:33', '10:33:33', 'WED');
insert into DayOfClass (weekId, classStart, classFinish, classDay) values (21, '10:02:34', '12:02:34', 'WED');
insert into DayOfClass (weekId, classStart, classFinish, classDay) values (22, '8:41:05', '10:41:05', 'WED');
insert into DayOfClass (weekId, classStart, classFinish, classDay) values (23, '9:16:48', '11:16:48', 'WED');
insert into DayOfClass (weekId, classStart, classFinish, classDay) values (24, '13:58:01', '15:58:01', 'TUE');
insert into DayOfClass (weekId, classStart, classFinish, classDay) values (25, '11:25:51', '13:25:51', 'MON');
insert into DayOfClass (weekId, classStart, classFinish, classDay) values (26, '13:31:13', '15:31:13', 'WED');
insert into DayOfClass (weekId, classStart, classFinish, classDay) values (27, '14:05:09', '16:05:09', 'MON');
insert into DayOfClass (weekId, classStart, classFinish, classDay) values (28, '11:09:18', '13:09:18', 'TUE');
insert into DayOfClass (weekId, classStart, classFinish, classDay) values (29, '14:54:44', '16:54:44', 'WED');
insert into DayOfClass (weekId, classStart, classFinish, classDay) values (30, '14:49:47', '16:49:47', 'MON');
insert into DayOfClass (weekId, classStart, classFinish, classDay) values (31, '14:42:58', '16:42:58', 'MON');
insert into DayOfClass (weekId, classStart, classFinish, classDay) values (32, '14:23:10', '16:23:10', 'WED');
insert into DayOfClass (weekId, classStart, classFinish, classDay) values (33, '10:03:52', '12:03:52', 'WED');
insert into DayOfClass (weekId, classStart, classFinish, classDay) values (34, '12:43:52', '14:43:52', 'MON');
insert into DayOfClass (weekId, classStart, classFinish, classDay) values (35, '13:41:30', '15:41:30', 'WED');
insert into DayOfClass (weekId, classStart, classFinish, classDay) values (36, '12:26:17', '14:26:17', 'WED');
insert into DayOfClass (weekId, classStart, classFinish, classDay) values (37, '10:43:39', '12:43:39', 'SUN');
insert into DayOfClass (weekId, classStart, classFinish, classDay) values (38, '10:40:36', '12:40:36', 'MON');
insert into DayOfClass (weekId, classStart, classFinish, classDay) values (39, '15:54:00', '17:54:00', 'SAT');
insert into DayOfClass (weekId, classStart, classFinish, classDay) values (40, '8:25:53', '10:25:53', 'WED');
insert into DayOfClass (weekId, classStart, classFinish, classDay) values (1, '8:39:31', '10:39:31', 'WED');
insert into DayOfClass (weekId, classStart, classFinish, classDay) values (2, '7:56:54', '09:56:54', 'TUE');
insert into DayOfClass (weekId, classStart, classFinish, classDay) values (3, '11:04:06', '13:04:06', 'MON');
insert into DayOfClass (weekId, classStart, classFinish, classDay) values (4, '8:58:35', '10:58:35', 'WED');
insert into DayOfClass (weekId, classStart, classFinish, classDay) values (5, '13:23:02', '15:23:02', 'MON');
insert into DayOfClass (weekId, classStart, classFinish, classDay) values (6, '9:52:11', '11:52:11', 'MON');
insert into DayOfClass (weekId, classStart, classFinish, classDay) values (7, '14:25:07', '16:25:07', 'WED');
insert into DayOfClass (weekId, classStart, classFinish, classDay) values (8, '8:17:39', '10:17:39', 'WED');
insert into DayOfClass (weekId, classStart, classFinish, classDay) values (9, '10:06:24', '12:06:24', 'WED');
insert into DayOfClass (weekId, classStart, classFinish, classDay) values (10, '13:31:51', '15:31:51', 'WED');

-- INSERT HomeWork
insert into HomeWork (hw_id, _description, _file, publishedDate, deadlineDate, classId) values (1, ' ', 'Aliquam.xls', '1/29/2022', '5/8/2022', 9);
insert into HomeWork (hw_id, _description, _file, publishedDate, deadlineDate, classId) values (2, ' ', 'A.avi', '1/1/2022', '5/15/2022', 3);
insert into HomeWork (hw_id, _description, _file, publishedDate, deadlineDate, classId) values (3, 'JwOr50732WJ97Cc19627hZ063M004b', 'LigulaSuspendisseOrnare.jpeg', '2/19/2022', '5/10/2022', 11);
insert into HomeWork (hw_id, _description, _file, publishedDate, deadlineDate, classId) values (4, ' ', 'JustoMaecenasRhoncus.pdf', '2/17/2022', '5/20/2022', 6);
insert into HomeWork (hw_id, _description, _file, publishedDate, deadlineDate, classId) values (5, ' ', 'OrciVehiculaCondimentum.ppt', '2/7/2022', '5/19/2022', 4);
insert into HomeWork (hw_id, _description, _file, publishedDate, deadlineDate, classId) values (6, '29Y8659119g546h83X4JhEMf2UFO95', 'ConsequatMorbi.png', '3/1/2022', '5/17/2022', 3);
insert into HomeWork (hw_id, _description, _file, publishedDate, deadlineDate, classId) values (7, '46XXIePyybxbH822E871gb5Yh0QxF4', 'TinciduntNullaMollis.tiff', '3/12/2022', '5/9/2022', 1);
insert into HomeWork (hw_id, _description, _file, publishedDate, deadlineDate, classId) values (8, ' ', 'Donec.avi', '3/11/2022', '5/21/2022', 10);
insert into HomeWork (hw_id, _description, _file, publishedDate, deadlineDate, classId) values (9, ' ', 'CongueElementum.mp3', '3/27/2022', '5/6/2022', 12);
insert into HomeWork (hw_id, _description, _file, publishedDate, deadlineDate, classId) values (10, ' ', 'InBlandit.txt', '1/7/2022', '5/16/2022', 5);
insert into HomeWork (hw_id, _description, _file, publishedDate, deadlineDate, classId) values (11, '3I57548ae3K3EP1V5u7Os615s3XL72', 'Odio.avi', '3/14/2022', '5/15/2022', 2);
insert into HomeWork (hw_id, _description, _file, publishedDate, deadlineDate, classId) values (12, '15YL4PA0Sp813G2pNbo2m27PXaxDp8', 'QuamTurpisAdipiscing.txt', '1/5/2022', '5/9/2022', 12);
insert into HomeWork (hw_id, _description, _file, publishedDate, deadlineDate, classId) values (13, ' ', 'VelEnim.avi', '3/15/2022', '5/15/2022', 13);
insert into HomeWork (hw_id, _description, _file, publishedDate, deadlineDate, classId) values (14, 'raFl1qOSR2275n39P60rQN136k6s40', 'AtFeugiat.mp3', '2/6/2022', '5/12/2022', 10);
insert into HomeWork (hw_id, _description, _file, publishedDate, deadlineDate, classId) values (15, 'oZW3iaLhF1pVTo05wV0275hN8I4G7H', 'NullaEget.mp3', '2/7/2022', '5/12/2022', 7);
insert into HomeWork (hw_id, _description, _file, publishedDate, deadlineDate, classId) values (16, ' ', 'ArcuLiberoRutrum.avi', '1/2/2022', '5/14/2022', 8);
insert into HomeWork (hw_id, _description, _file, publishedDate, deadlineDate, classId) values (17, ' ', 'ConsequatMorbiA.pdf', '2/4/2022', '5/4/2022', 11);
insert into HomeWork (hw_id, _description, _file, publishedDate, deadlineDate, classId) values (18, ' ', 'PurusAliquetAt.avi', '1/30/2022', '5/14/2022', 9);
insert into HomeWork (hw_id, _description, _file, publishedDate, deadlineDate, classId) values (19, 's66Y0708vACY0AJUzy34930D06W6K2', 'ConvallisNulla.mp3', '2/18/2022', '5/14/2022', 20);
insert into HomeWork (hw_id, _description, _file, publishedDate, deadlineDate, classId) values (20, ' ', 'NuncNisl.xls', '1/9/2022', '5/14/2022', 3);
insert into HomeWork (hw_id, _description, _file, publishedDate, deadlineDate, classId) values (21, ' ', 'VitaeIpsum.gif', '3/1/2022', '5/26/2022', 23);
insert into HomeWork (hw_id, _description, _file, publishedDate, deadlineDate, classId) values (22, ' ', 'Vitae.avi', '2/25/2022', '5/29/2022', 25);
insert into HomeWork (hw_id, _description, _file, publishedDate, deadlineDate, classId) values (23, '7B1b439vwP91sR867kF27x21UH2F0x', 'CongueEtiam.xls', '1/5/2022', '5/16/2022', 10);
insert into HomeWork (hw_id, _description, _file, publishedDate, deadlineDate, classId) values (24, ' ', 'Rutrum.ppt', '1/9/2022', '5/21/2022', 29);
insert into HomeWork (hw_id, _description, _file, publishedDate, deadlineDate, classId) values (25, ' ', 'Donec.jpeg', '2/5/2022', '5/17/2022', 36);
insert into HomeWork (hw_id, _description, _file, publishedDate, deadlineDate, classId) values (26, ' ', 'QuamSollicitudinVitae.avi', '3/21/2022', '5/21/2022', 45);
insert into HomeWork (hw_id, _description, _file, publishedDate, deadlineDate, classId) values (27, ' ', 'NuncDonec.pdf', '1/19/2022', '5/9/2022', 2);
insert into HomeWork (hw_id, _description, _file, publishedDate, deadlineDate, classId) values (28, 'RK335AGIGM2A47KRG5469b9j99I3gl', 'EtUltrices.pdf', '2/8/2022', '5/17/2022', 2);
insert into HomeWork (hw_id, _description, _file, publishedDate, deadlineDate, classId) values (29, 'C22J1964864WFpD0Kk0S1oQR18sg08', 'Erat.tiff', '1/14/2022', '5/3/2022', 21);
insert into HomeWork (hw_id, _description, _file, publishedDate, deadlineDate, classId) values (30, '50Aoldw2j002pcQwD446dFPQ4f8H8a', 'Nulla.ppt', '1/13/2022', '5/17/2022', 11);

--INSERT AnswerOfHomeWork

insert into AnswerOfHomeWork (anshw_id, _description, _file, publishedDate, hw_id, studentId) values (1, 'zy4i0nAOQb4rme0513gy99o9G65949', 'Suspendisse.xls', '4/22/2022', 15, 71);
insert into AnswerOfHomeWork (anshw_id, _description, _file, publishedDate, hw_id, studentId) values (2, 'ZNsUezknS71tTeq32a9n48OX9pg261', 'SitAmet.tiff', '4/28/2022', 18, 41);
insert into AnswerOfHomeWork (anshw_id, _description, _file, publishedDate, hw_id, studentId) values (3, '7F1G7658H0e4mQ7ljaj44Zd51zV2e5', 'Nulla.xls', '4/26/2022', 7, 138);
insert into AnswerOfHomeWork (anshw_id, _description, _file, publishedDate, hw_id, studentId) values (4, ' ', 'AtVelit.xls', '4/27/2022', 6, 125);
insert into AnswerOfHomeWork (anshw_id, _description, _file, publishedDate, hw_id, studentId) values (5, 'ae9e6Y51k2219058Y7b15quPJVNxm6', 'RisusSemperPorta.mp3', '4/6/2022', 30, 129);
insert into AnswerOfHomeWork (anshw_id, _description, _file, publishedDate, hw_id, studentId) values (6, '6RVPoXx4jG40DF25qmW1bvbb049ke2', 'In.ppt', '4/25/2022', 23, 117);
insert into AnswerOfHomeWork (anshw_id, _description, _file, publishedDate, hw_id, studentId) values (7, 'c0916n789Y2422zQ28nUVjL2RZ25x1', 'VelIpsumPraesent.avi', '4/26/2022', 1,99);
insert into AnswerOfHomeWork (anshw_id, _description, _file, publishedDate, hw_id, studentId) values (8, ' ', 'RhoncusSed.mp3', '4/8/2022', 2, 87);
insert into AnswerOfHomeWork (anshw_id, _description, _file, publishedDate, hw_id, studentId) values (9, ' ', 'Risus.xls', '4/27/2022', 4, 98);
insert into AnswerOfHomeWork (anshw_id, _description, _file, publishedDate, hw_id, studentId) values (10, ' ', 'RutrumNullaTellus.tiff', '4/12/2022', 11, 139);
insert into AnswerOfHomeWork (anshw_id, _description, _file, publishedDate, hw_id, studentId) values (11, ' ', 'EtCommodoVulputate.tiff', '4/12/2022', 5,137);
insert into AnswerOfHomeWork (anshw_id, _description, _file, publishedDate, hw_id, studentId) values (12, ' ', 'MassaQuis.mp3', '4/4/2022', 16, 134);
insert into AnswerOfHomeWork (anshw_id, _description, _file, publishedDate, hw_id, studentId) values (13, ' ', 'InHac.mov', '4/24/2022', 8, 55);
insert into AnswerOfHomeWork (anshw_id, _description, _file, publishedDate, hw_id, studentId) values (14, 'tx82N2odzNz58T92x0N4kwY6rG9s5f', 'DuisAcNibh.xls', '4/8/2022', 9, 103);
insert into AnswerOfHomeWork (anshw_id, _description, _file, publishedDate, hw_id, studentId) values (15, 'A90917m8Ak5gO4x10PsHn1Y8Zixo72', 'SapienPlaceratAnte.doc', '4/15/2022', 18, 42);
insert into AnswerOfHomeWork (anshw_id, _description, _file, publishedDate, hw_id, studentId) values (16, ' ', 'Rhoncus.xls', '4/19/2022', 2, 105);
insert into AnswerOfHomeWork (anshw_id, _description, _file, publishedDate, hw_id, studentId) values (17, 'iC49y5zr85O68H0UwflT20pY791E0T', 'Velit.ppt', '4/7/2022', 28, 3);
insert into AnswerOfHomeWork (anshw_id, _description, _file, publishedDate, hw_id, studentId) values (18, ' ', 'Ac.avi', '4/17/2022', 20, 2);
insert into AnswerOfHomeWork (anshw_id, _description, _file, publishedDate, hw_id, studentId) values (19, 'sC8I4UO9Rp9yw98NwU3719e55w00i0', 'FermentumJustoNec.jpeg', '4/13/2022', 14,72);
insert into AnswerOfHomeWork (anshw_id, _description, _file, publishedDate, hw_id, studentId) values (20, ' ', 'MolestieHendreritAt.ppt', '4/8/2022', 1, 94);
insert into AnswerOfHomeWork (anshw_id, _description, _file, publishedDate, hw_id, studentId) values (21, ' ', 'RutrumNullaTellus.tiff', '4/12/2022', 11, 141);
insert into AnswerOfHomeWork (anshw_id, _description, _file, publishedDate, hw_id, studentId) values (22, ' ', 'RutrumNullaTellus.tiff', '4/12/2022', 11, 147);
insert into AnswerOfHomeWork (anshw_id, _description, _file, publishedDate, hw_id, studentId) values (23, ' ', 'RutrumNullaTellus.tiff', '4/12/2022', 11, 4);
insert into AnswerOfHomeWork (anshw_id, _description, _file, publishedDate, hw_id, studentId) values (24, ' ', 'RutrumNullaTellus.tiff', '4/12/2022', 11, 88);
insert into AnswerOfHomeWork (anshw_id, _description, _file, publishedDate, hw_id, studentId) values (25, ' ', 'RutrumNullaTellus.tiff', '4/12/2022', 11, 24);
insert into AnswerOfHomeWork (anshw_id, _description, _file, publishedDate, hw_id, studentId) values (26, ' ', 'RutrumNullaTellus.tiff', '4/12/2022', 28, 141);
insert into AnswerOfHomeWork (anshw_id, _description, _file, publishedDate, hw_id, studentId) values (27, ' ', 'RutrumNullaTellus.tiff', '4/12/2022', 28, 147);
insert into AnswerOfHomeWork (anshw_id, _description, _file, publishedDate, hw_id, studentId) values (28, ' ', 'RutrumNullaTellus.tiff', '4/12/2022', 28, 4);
insert into AnswerOfHomeWork (anshw_id, _description, _file, publishedDate, hw_id, studentId) values (29, ' ', 'RutrumNullaTellus.tiff', '4/12/2022', 28, 88);
insert into AnswerOfHomeWork (anshw_id, _description, _file, publishedDate, hw_id, studentId) values (30, ' ', 'RutrumNullaTellus.tiff', '4/12/2022', 28, 24);